,V2-D2 PROP,V2-D2 BASE,V4-D2 PROP,V4-D2 BASE,V8-D2 PROP,V8-D2 BASE,V16-D2 PROP,V16-D2 BASE
Fetch,0.10397026645624352,0.10061099866488668,0.0718572307170854,0.07042955084233586,0.056002972586027766,0.05578479367803553,0.04930673707626375,0.04917063131553047
Rename,0.05368402353809043,0.12848939341472582,0.03990854518751497,0.08383480101507708,0.03306579194055413,0.06390091249364595,0.030375288757683933,0.05348656112148327
Scheduler,0.07796992777587675,0.13285818922441592,0.05311971975533421,0.11077158020208792,0.04077550198923952,0.10290441700462709,0.03495854073879857,0.10344885325982989
Scalar FU + RF,0.14047368535994964,0.12853732232090975,0.11095689281332308,0.10588354067346302,0.09720470277785062,0.09642947326293962,0.09390363322946665,0.09342010726695596
Vector FU,0.1294091640927967,0.12030676576486463,0.12421615349684365,0.12034737889143492,0.12669606333894895,0.1261049379818581,0.13617708851244134,0.13580843257989123
Vector RF,0.0432958035031565,0.09173206756932667,0.04373047954504851,0.09235146092460893,0.046356569175663956,0.09777401360577394,0.05061607260216634,0.1065244457738596
L1D Cache,0.07305186502699186,0.06956694365461173,0.05425217994116242,0.05300550146229993,0.04700277606287597,0.047419740705115745,0.043610904459678676,0.04349065394914637
Scalar LSU,0.06407857103126299,0.1018674750967636,0.04767830578231137,0.07202536522283814,0.040921093155169855,0.06169361982956736,0.03794499191945881,0.05561182950289543
Vector LSU,0.0006939140146326179,0.12603084428949515,0.0005722607153125773,0.08678279093386083,0.0005209504207402833,0.0735775619277034,0.0005254662874659428,0.06500856954632758
