,V4-D4 PROP,V4-D4 BASE,V8-D4 PROP,V8-D4 BASE,V16-D4 PROP,V16-D4 BASE,V32-D4 PROP,V32-D4 BASE
Fetch,0.08870829782744516,0.08639581006411819,0.06571301934228478,0.06483652260527732,0.05548880472654222,0.055194802379341656,0.05168312501172869,0.05135143080603899
Rename,0.046223946094648555,0.10508589138892951,0.036226504082245654,0.07663731056576636,0.032285601768967054,0.06204047639570156,0.030917349850023555,0.056831944162277145
Scheduler,0.08564969322833257,0.08518398616069756,0.05870025825481969,0.05852354311531386,0.04562488503497794,0.04556559482479176,0.04036853313247104,0.0403016472401699
Scalar FU + RF,0.1298210462873167,0.12160202244133086,0.10821919810993937,0.10510514409265796,0.10049665141841671,0.0994521565570854,0.09887065391321799,0.09769210367127018
Vector FU,0.21341583419826807,0.2071484675227248,0.22346359029808482,0.2210891346111743,0.22589870169428608,0.2251023173734593,0.2300289493564008,0.22913011210296547
Vector RF,0.059793210198078914,0.12589582484700051,0.06255797102442755,0.13148510417987574,0.06706321590958739,0.14072462405748165,0.08471420028656859,0.17719970707513633
L1D Cache,0.06781812825846416,0.06581639615854581,0.05667052049686714,0.056764569863516044,0.05090464084283795,0.05056800062490795,0.04961731174667271,0.04924245459569381
Scalar LSU,0.05909076868835552,0.09129482464698128,0.04865401822402026,0.07528492972709015,0.043829618783478255,0.06632493804250364,0.04154103381679458,0.060981226896154185
Vector LSU,0.0006748211289307045,0.11157677676967137,0.0005842663364739565,0.09202563417574969,0.0005588610000473312,0.07982588111920756,0.0005606794945530746,0.07674343874489549
