,V2-D2 PROP,V2-D2 BASE,V4-D2 PROP,V4-D2 BASE,V8-D2 PROP,V8-D2 BASE,V16-D2 PROP,V16-D2 BASE
Fetch,0.10350172058156863,0.10017074369574434,0.07156212485948296,0.07017046401308902,0.05576065202258322,0.05553090715299386,0.04906298451246719,0.04893381589100284
Rename,0.05150440648739102,0.12589296505888992,0.037962954295780796,0.08173101092620862,0.0312223577507122,0.06192204854991616,0.02855259898988516,0.05157485716128378
Scheduler,0.10549165278234314,0.1048202119580897,0.06762981131154835,0.06734935749833804,0.048684652170996864,0.048638353578458936,0.03944701941379004,0.0394209902439953
Scalar FU + RF,0.1384667979758248,0.12663109171717105,0.1092663980436448,0.10432100938662259,0.09557690329699613,0.09476057258549159,0.09225420434399845,0.09179513703359696
Vector FU,0.16382258739580563,0.15479694191715193,0.16240872002370849,0.15863733210346592,0.17250951166794437,0.1718869987593834,0.17659977455153777,0.17624990884298014
Vector RF,0.042985459348430254,0.09109293937581286,0.04338504070184209,0.09164762718194427,0.045892286537912365,0.09681361581650777,0.05003335867781662,0.1053215984323995
L1D Cache,0.07291829058930659,0.0694634393743134,0.05421587966223699,0.05301584022169029,0.046913932563871004,0.047348405382521136,0.0434779523717735,0.043364104382506596
Scalar LSU,0.06385963252030141,0.10156713995561803,0.04749555834202403,0.07187912650294763,0.04070064488290834,0.06146043940265802,0.03769285407471447,0.05536136463359358
Vector LSU,0.0006941057982252996,0.1255645269472087,0.0005734554176519019,0.08664328405424962,0.0005218044749976018,0.07334085042186708,0.0005260456212792452,0.06475045108746798
