,V4-D4 PROP,V4-D4 BASE,V8-D4 PROP,V8-D4 BASE,V16-D4 PROP,V16-D4 BASE,V32-D4 PROP,V32-D4 BASE
Fetch,0.07743994692895013,0.07553364347835666,0.05824582193615465,0.0575523454729995,0.049768308305984714,0.04951010065246978,0.04661881635153162,0.04632320783631709
Rename,0.043038676372136424,0.09269728197610283,0.034539574485930674,0.06889160174137782,0.03126921680801718,0.0566928552041685,0.030145102445612953,0.05259133783138209
Scheduler,0.05755378252344521,0.12335970393434714,0.042836179270400385,0.11331483615924702,0.035975177459276655,0.112949156841503,0.03334269312864956,0.13320748996085813
Scalar FU + RF,0.11506138931525214,0.10828547372053839,0.09706906760814371,0.09460497607597276,0.09071012085561195,0.08979269416922156,0.08927317602722848,0.08822287771337975
Vector FU,0.27227192035425074,0.2619377478170108,0.2746326762402896,0.27087461241338434,0.29018360199762716,0.28878426271249824,0.3563556919805244,0.35475405898242285
Vector RF,0.0498919319188965,0.10509377450424748,0.05258275883410424,0.11055853675479321,0.05683003476718722,0.11926714555718569,0.07311034042289843,0.15291267693559119
L1D Cache,0.05865823520914726,0.0569933095374774,0.0494056066072837,0.04943895464557242,0.044651171810731985,0.04436419977439997,0.04373112001743046,0.04340186424749175
Scalar LSU,0.05206886455624127,0.07955129514292161,0.04334832988898155,0.0661466596393271,0.03935410720958263,0.058605875568014595,0.03744941964868079,0.054137869884142174
Vector LSU,0.0005723483340227134,0.09654776988899771,0.0004987265117127961,0.08016326018024941,0.0004778694271933686,0.06989122861396851,0.00047810353639888143,0.06781409492917025
