,V2-D2 PROP,V2-D2 BASE,V4-D2 PROP,V4-D2 BASE,V8-D2 PROP,V8-D2 BASE,V16-D2 PROP,V16-D2 BASE
Fetch,0.10447337647545085,0.10110702798213962,0.07228433567039634,0.0708787071217353,0.056395924335490774,0.0561571233064316,0.049678061384547396,0.04954264035561641
Rename,0.05212859244085495,0.12706689143655542,0.038475002154452424,0.08249335557037296,0.03169208454138726,0.06258694070054155,0.029037042729216655,0.052203761347584844
Scheduler,0.0783713972584151,0.13336505292915143,0.05346743504159255,0.1112446377037007,0.04109872193123804,0.10337135632702552,0.03526716527436441,0.10395493727578382
Scalar FU + RF,0.139476370387341,0.12751491844344182,0.11002291364355207,0.10502785920108673,0.09631136959090379,0.09546285944815884,0.09302214793612171,0.09254086494916193
Vector FU,0.12969501430100738,0.12057351752469467,0.12450048661738697,0.12069136403543339,0.1270149394280109,0.12636791666428585,0.13655571262120442,0.13618880096830063
Vector RF,0.04337812053909021,0.0919075621013677,0.043821164959052306,0.09254867996026236,0.04646608132571038,0.09800159224338809,0.05076069111153329,0.10682827307790059
L1D Cache,0.07331574004174232,0.0698236956208263,0.05447832744481497,0.053255147570460605,0.04721626837883895,0.047611966675404585,0.043815813320331874,0.04369672545439618
Scalar LSU,0.06439298214704496,0.10223972707611621,0.04795469926799117,0.0723594912365286,0.041181903430386683,0.06198129468165677,0.038196730637152634,0.05590032836511384
Vector LSU,0.0006957389768587504,0.12640160688570684,0.0005737788506588036,0.08710201725151066,0.000522417391454676,0.07385602155607172,0.0005267880908924381,0.0652878759925378
