,V4-D4 PROP,V4-D4 BASE,V8-D4 PROP,V8-D4 BASE,V16-D4 PROP,V16-D4 BASE,V32-D4 PROP,V32-D4 BASE
Fetch,0.07785436680557759,0.07594513302217983,0.05862032490141504,0.057886106020117366,0.05012747552910559,0.049868073055613506,0.04702443902870197,0.046727597520283846
Rename,0.04152320125952568,0.09127325422676719,0.033107164137128574,0.06751639748310047,0.029886388876073318,0.0553670914155041,0.028787567131157387,0.051298892581306724
Scheduler,0.05788932426128025,0.12381968170898112,0.043143662033215874,0.11376536216438722,0.03626903679173739,0.11344054675004651,0.03364231153850453,0.13384580583133782
Scalar FU + RF,0.11403014372455074,0.10724405584419557,0.09609232022610394,0.09348374455291014,0.08978049700899693,0.08885892751352485,0.08853910063815071,0.08748437534308635
Vector FU,0.2728307379949363,0.262481083703792,0.2752494435765259,0.27127104581810374,0.29094595581566146,0.28954036417746115,0.357794336153164,0.3561859294106783
Vector RF,0.04998598747723124,0.10529283646409023,0.05269486554934261,0.11078702694223559,0.05697518527985238,0.11957183618127092,0.07335758392067712,0.1534337836259036
L1D Cache,0.05888001712971338,0.05721246098632961,0.049609579632026404,0.04960056289599385,0.04485267083598933,0.044564688858384834,0.04398769472625103,0.043657169561796924
Scalar LSU,0.05233906997870842,0.07986921904577389,0.043598709092901006,0.06641414893965393,0.039598266805229786,0.05888800489718421,0.03771368204067806,0.05444125212679531
Vector LSU,0.0005736974934509393,0.09686227499789067,0.0004999523558290662,0.08043069058310207,0.00047920720867234334,0.07016822461956175,0.00048133628810462426,0.0681223498822867
