,V4-D4 PROP,V4-D4 BASE,V8-D4 PROP,V8-D4 BASE,V16-D4 PROP,V16-D4 BASE,V32-D4 PROP,V32-D4 BASE
Fetch,0.07511752757192598,0.08639581006411817,0.06528766061917697,0.07021624818278464,0.058358360369284476,0.05996536482282485,0.05205248457554308,0.053623240559632177
Rename,0.03941022503826632,0.10508589138892951,0.0359872268233187,0.08301813094542453,0.033776283153858354,0.06773296350052625,0.03065142694550386,0.059053111307715844
Scheduler,0.0713380204162737,0.08518398616069756,0.0580664874676638,0.06380013403256177,0.0482772499730619,0.04990033097214055,0.04048577093047697,0.04199155514103301
Scalar FU + RF,0.11252865852204963,0.12160202244133086,0.10799782354380087,0.11245672499721235,0.1049730505315383,0.106733580242889,0.10072403443773523,0.10258593665830251
Vector FU,0.16839490918620553,0.2071484675227248,0.21691762683981008,0.24553594301953705,0.25179730374234854,0.2610425895836058,0.2506472012160895,0.2600054856933441
Vector RF,0.046660610215440865,0.12589582484700051,0.06222903408943259,0.15087522274514198,0.07754901146274364,0.16924473330522927,0.0920735240039099,0.20137307146897188
L1D Cache,0.05913021147268747,0.06581639615854581,0.05599788376384165,0.060346888388920286,0.05303400335186974,0.05437368838724941,0.05016550704731874,0.05147614765980688
Scalar LSU,0.051455050405112425,0.09129482464698128,0.048139258162638074,0.07971481608228179,0.0456023401739226,0.07087828102152172,0.04142090295834815,0.06300320420123978
Vector LSU,0.000587918233379819,0.11157677676967137,0.0005878977746516499,0.09691323247229991,0.0005879473938337844,0.0852103861192306,0.000587940022146523,0.07874519528289409
