,V2-D2 PROP,V2-D2 BASE,V4-D2 PROP,V4-D2 BASE,V8-D2 PROP,V8-D2 BASE,V16-D2 PROP,V16-D2 BASE
Fetch,0.08383045596636897,0.10017074369574434,0.07072162305351391,0.07828031935162137,0.059772089197880185,0.06131882693274362,0.051066345407441135,0.051809362293222735
Rename,0.042036657490017657,0.12589296505888992,0.03771527924742245,0.09116896616102485,0.03309279922891038,0.06826715823200859,0.02913769042508671,0.05447356612425343
Scheduler,0.08426423724605595,0.1048202119580897,0.06647625319386338,0.0753782920989172,0.0522429785375295,0.05380232913662166,0.040885828612999504,0.041620636652775315
Scalar FU + RF,0.11408894536892304,0.12663109171717105,0.10834423660471666,0.11491493818592935,0.1021439224576846,0.10388391648672173,0.09670121613714272,0.09754726420474598
Vector FU,0.12510282536852477,0.15479694191715193,0.1579563755930256,0.1808478746880579,0.19062769723317266,0.19582009141653192,0.19491976529606617,0.19880397963766772
Vector RF,0.032571820356950894,0.09109293937581286,0.042422407600343756,0.10597428505526847,0.05311481292241536,0.11489169044217999,0.05730065918022498,0.1231384304393417
L1D Cache,0.06140609575129036,0.0694634393743134,0.0536415171004056,0.05804058915546806,0.049719219349711644,0.051465884374212054,0.045281947191786416,0.04586545933061657
Scalar LSU,0.053937098303410334,0.10156713995561803,0.04736502348577654,0.07855515949257932,0.0429956781960703,0.06628668830996366,0.038694766933204554,0.057705657517038364
Vector LSU,0.0005689570118175057,0.1255645269472087,0.000568991835755662,0.09386197999418631,0.0005689861853633768,0.07858226977010015,0.0005690280899172205,0.06738262171768486
