,V4-D4 PROP,V4-D4 BASE,V8-D4 PROP,V8-D4 BASE,V16-D4 PROP,V16-D4 BASE,V32-D4 PROP,V32-D4 BASE
Fetch,0.06625488505321371,0.07594513302217983,0.05794945024149929,0.062188482491444805,0.05224267946199296,0.053716124233867305,0.04694061868028038,0.04840708382775965
Rename,0.03560618376421147,0.09127325422676719,0.03270159341180567,0.07253693709717476,0.030956699940903602,0.05989231651837555,0.028303078550491863,0.052821722141661955
Scheduler,0.10100223686946039,0.12381968170898112,0.11256410197554556,0.1270768036711597,0.12635863749002324,0.13142232076640242,0.14093930469700006,0.1474308128642562
Scalar FU + RF,0.09931285682302662,0.10724405584419557,0.09550161369275789,0.09939283574963834,0.09312045360480228,0.09475038439218714,0.08950674646165892,0.09125227934807371
Vector FU,0.21992472152163783,0.262481083703792,0.27378824280581565,0.30554935248454,0.32779793342359376,0.3388512036756393,0.3824021547647569,0.39758476564583595
Vector RF,0.03909539957077332,0.10529283646409024,0.05218166205587645,0.12641314313965163,0.06530694177444643,0.1427199628442125,0.07867642006826389,0.17242999301844708
L1D Cache,0.0514472680306742,0.05721246098632961,0.04876213030480658,0.05237435916676338,0.04633629794180684,0.04756219937155792,0.04404400047658261,0.04525800187547495
Scalar LSU,0.04567007114157427,0.07986921904577386,0.04286169798934787,0.06978192860556955,0.0408017660064082,0.06242504714083835,0.03724031189832701,0.05577226458527059
Vector LSU,0.0005019458359208559,0.09686227499789066,0.0005019339983421437,0.08404599611512154,0.0005019689006819592,0.07428046800610168,0.0005019610683806081,0.06924756858446383
